<!-- CustomAddRows.xml - A sample XML definition for creating a custom module from a R Script.
© 2015 Microsoft Corporation. All rights reserved. 
Sample scripts in this guide are not supported under any Microsoft standard support program or service. 
The sample scripts are provided AS IS without warranty of any kind. 
Microsoft disclaims all implied warranties including, without limitation, any implied warranties of merchantability or of fitness for a particular purpose. 
The entire risk arising out of the use or performance of the sample scripts and documentation remains with you. 
In no event shall Microsoft, its authors, or anyone else involved in the creation, production, or delivery of the scripts be liable for any damages whatsoever (including, without limitation, damages for loss of business profits, business interruption, loss of business information, or other pecuniary loss) arising out of the use of or inability to use the sample scripts or documentation, even if Microsoft has been advised of the possibility of such damages.
-->

<!-- Defined a module using an R Script -->
<Module name="Custom Add Rows">
  <Owner>Microsoft Corporation</Owner>
  <Description>Appends one dataset to another and outputs a single dataset. Dataset2 is concatenated to Dataset1 when Swap is false and vice versa when Swap is true.</Description>
    
	<!-- Specify the base language, script file and R function to use for this module. -->
	<!-- Note: The id tag must match the argument names in the R Function myAddRows defined in myAddRows.R. -->
	<Language name="R" sourceFile="CustomAddRows.R" entryPoint="CustomAddRows" />  
    
	<!-- Define module input and output ports -->
	<Ports>
		<Input id="dataset1" name="Dataset 1" type="DataTable">
			<Description>First input dataset</Description>
		</Input>
		<Input id="dataset2" name="Dataset 2" type="DataTable">
			<Description>Second input dataset</Description>
		</Input>
		<Output id="dataset" name="Dataset" type="DataTable">
			<Description>Combined dataset</Description>
		</Output>
  </Ports>
	
	<!-- Define module parameters -->
  <Arguments>
    <Arg id="swap" name="Swap" type="bool" >
      <Description>Swap input datasets.</Description>
    </Arg>
  </Arguments>
</Module>
